,A,R,N,D,C,Q,E,G,H,I,L,K,M,F,P,S,T,W,Y,V
A,1.0,0.023255813953488372,0.05056179775280899,0.07092198581560284,0.1111111111111111,0.06451612903225806,0.1259259259259259,0.3230769230769231,0.022988505747126436,0.046511627906976744,0.07547169811320754,0.02631578947368421,0.048,0.03571428571428571,0.2894736842105263,0.21875,0.24427480916030533,0.0,0.03773584905660377,0.18181818181818182
R,0.007518796992481203,1.0,0.0056179775280898875,0.0,0.037037037037037035,0.08064516129032258,0.0,0.0,0.11494252873563218,0.023255813953488372,0.018867924528301886,0.25,0.032,0.017857142857142856,0.05263157894736842,0.0375,0.007633587786259542,0.3333333333333333,0.0,0.010101010101010102
N,0.03007518796992481,0.011627906976744186,1.0,0.2553191489361702,0.0,0.03225806451612903,0.044444444444444446,0.09230769230769231,0.2413793103448276,0.023255813953488372,0.018867924528301886,0.17105263157894737,0.0,0.017857142857142856,0.02631578947368421,0.125,0.06870229007633588,0.041666666666666664,0.07547169811320754,0.010101010101010102
D,0.045112781954887216,0.0,0.23595505617977527,1.0,0.0,0.04838709677419355,0.3925925925925926,0.09230769230769231,0.04597701149425287,0.007751937984496124,0.0,0.039473684210526314,0.0,0.0,0.013157894736842105,0.03125,0.022900763358778626,0.0,0.0,0.010101010101010102
C,0.007518796992481203,0.011627906976744186,0.0,0.0,1.0,0.0,0.0,0.0,0.011494252873563218,0.007751937984496124,0.0,0.0,0.0,0.0,0.013157894736842105,0.03125,0.007633587786259542,0.0,0.05660377358490566,0.020202020202020204
Q,0.022556390977443608,0.10465116279069768,0.02247191011235955,0.03546099290780142,0.0,1.0,0.2,0.015384615384615385,0.26436781609195403,0.007751937984496124,0.05660377358490566,0.07894736842105263,0.032,0.0,0.07894736842105263,0.0125,0.015267175572519083,0.0,0.0,0.010101010101010102
E,0.07518796992481203,0.0,0.03932584269662921,0.3971631205673759,0.0,0.28225806451612906,1.0,0.06153846153846154,0.022988505747126436,0.023255813953488372,0.018867924528301886,0.05263157894736842,0.008,0.0,0.039473684210526314,0.025,0.015267175572519083,0.0,0.018867924528301886,0.020202020202020204
G,0.15789473684210525,0.011627906976744186,0.06741573033707865,0.07801418439716312,0.037037037037037035,0.024193548387096774,0.05185185185185185,1.0,0.011494252873563218,0.0,0.018867924528301886,0.02631578947368421,0.008,0.017857142857142856,0.039473684210526314,0.13125,0.022900763358778626,0.0,0.0,0.050505050505050504
H,0.007518796992481203,0.09302325581395349,0.10112359550561797,0.02127659574468085,0.037037037037037035,0.16129032258064516,0.007407407407407408,0.0,1.0,0.0,0.018867924528301886,0.013157894736842105,0.0,0.03571428571428571,0.039473684210526314,0.00625,0.007633587786259542,0.041666666666666664,0.07547169811320754,0.010101010101010102
I,0.015037593984962405,0.023255813953488372,0.016853932584269662,0.0070921985815602835,0.07407407407407407,0.008064516129032258,0.014814814814814815,0.0,0.0,1.0,0.16981132075471697,0.02631578947368421,0.096,0.125,0.0,0.00625,0.05343511450381679,0.0,0.018867924528301886,0.3333333333333333
L,0.022556390977443608,0.011627906976744186,0.016853932584269662,0.0,0.0,0.04838709677419355,0.007407407407407408,0.015384615384615385,0.04597701149425287,0.17054263565891473,1.0,0.02631578947368421,0.36,0.23214285714285715,0.039473684210526314,0.00625,0.022900763358778626,0.16666666666666666,0.03773584905660377,0.15151515151515152
K,0.015037593984962405,0.43023255813953487,0.1404494382022472,0.0425531914893617,0.0,0.0967741935483871,0.05185185185185185,0.03076923076923077,0.022988505747126436,0.031007751937984496,0.018867924528301886,1.0,0.16,0.0,0.039473684210526314,0.05,0.08396946564885496,0.0,0.018867924528301886,0.010101010101010102
M,0.007518796992481203,0.011627906976744186,0.0,0.0,0.0,0.016129032258064516,0.0,0.0,0.0,0.03875968992248062,0.1509433962264151,0.05263157894736842,1.0,0.017857142857142856,0.0,0.00625,0.015267175572519083,0.0,0.0,0.04040404040404041
F,0.007518796992481203,0.011627906976744186,0.0056179775280898875,0.0,0.0,0.0,0.0,0.015384615384615385,0.022988505747126436,0.06201550387596899,0.11320754716981132,0.0,0.032,1.0,0.0,0.0125,0.007633587786259542,0.125,0.5283018867924528,0.0
P,0.09774436090225563,0.05813953488372093,0.011235955056179775,0.0070921985815602835,0.037037037037037035,0.06451612903225806,0.022222222222222223,0.03076923076923077,0.05747126436781609,0.007751937984496124,0.03773584905660377,0.02631578947368421,0.008,0.017857142857142856,1.0,0.075,0.030534351145038167,0.0,0.0,0.020202020202020204
S,0.21052631578947367,0.12790697674418605,0.19101123595505617,0.04964539007092199,0.4074074074074074,0.03225806451612903,0.044444444444444446,0.24615384615384617,0.022988505747126436,0.015503875968992248,0.018867924528301886,0.09210526315789473,0.032,0.05357142857142857,0.2236842105263158,1.0,0.2900763358778626,0.20833333333333334,0.03773584905660377,0.020202020202020204
T,0.16541353383458646,0.023255813953488372,0.07303370786516854,0.028368794326241134,0.037037037037037035,0.024193548387096774,0.014814814814814815,0.03076923076923077,0.011494252873563218,0.08527131782945736,0.03773584905660377,0.10526315789473684,0.048,0.017857142857142856,0.06578947368421052,0.2,1.0,0.0,0.03773584905660377,0.09090909090909091
W,0.0,0.023255813953488372,0.0,0.0,0.0,0.0,0.0,0.0,0.0,0.0,0.0,0.0,0.0,0.017857142857142856,0.0,0.00625,0.0,1.0,0.018867924528301886,0.0
Y,0.007518796992481203,0.0,0.016853932584269662,0.0,0.1111111111111111,0.0,0.007407407407407408,0.0,0.04597701149425287,0.007751937984496124,0.018867924528301886,0.0,0.0,0.375,0.0,0.00625,0.007633587786259542,0.08333333333333333,1.0,0.010101010101010102
V,0.09774436090225563,0.023255813953488372,0.0056179775280898875,0.0070921985815602835,0.1111111111111111,0.016129032258064516,0.014814814814814815,0.046153846153846156,0.034482758620689655,0.4418604651162791,0.20754716981132076,0.013157894736842105,0.136,0.017857142857142856,0.039473684210526314,0.0125,0.07633587786259542,0.0,0.03773584905660377,1.0
